<?xml version="1.0" encoding="UTF-8" standalone="yes"?>
<addon id="tvhaingoai.repository" name="TVHaiNgoai repository" version="0.0.1" provider-name="anhstar">
	<extension point="xbmc.addon.repository" name="TVHaiNgoai Add-on Repository">
		<info compressed="false">http://raw.github.com/anhstar/KodiRepo/master/tvhaingoai.repository/addon.xml</info>
		<checksum>http://raw.github.com/anhstar/KodiRepo/master/tvhaingoai.repository/addon.xml.md5</checksum>
		<datadir zip="true">http://raw.github.com/anhstar/KodiRepo/master/repo/</datadir>
	</extension>
	<extension point="xbmc.addon.metadata">
		<summary>Tutorial Addon</summary>
		<description>Addon Description</description>
		<disclaimer></disclaimer>
		<platform>all</platform>
	</extension>
</addon>