<?xml version="1.0" encoding="utf-8" standalone="yes"?>

<stream>

<item>
<title>BBC Two</title>
<link>http://www.giniko.com/watch.php?id=190</link>
<thumbnail>http://www.giniko.com/logos/190x110/190.jpg</thumbnail>
</item>

<item>
<title>BBC Three</title>
<link>http://www.giniko.com/watch.php?id=191</link>
<thumbnail>http://www.giniko.com/logos/190x110/191.jpg</thumbnail>
</item>

<item>
<title>BBC News</title>
<link>http://www.giniko.com/watch.php?id=27</link>
<thumbnail>http://www.giniko.com/logos/190x110/27.jpg</thumbnail>
</item>

<item>
<title>BBC World News</title>
<link>http://www.giniko.com/watch.php?id=216</link>
<thumbnail>http://www.giniko.com/logos/190x110/216.jpg</thumbnail>
</item>

<item>
<title>The World Network</title>
<link>http://www.giniko.com/watch.php?id=58</link>
<thumbnail>http://www.giniko.com/logos/190x110/58.jpg</thumbnail>
</item>

<item>
<title>France 24 (English)</title>
<link>http://www.giniko.com/watch.php?id=93</link>
<thumbnail>http://www.giniko.com/logos/190x110/93.jpg</thumbnail>
</item>

<item>
<title>Fashion One (HongKong)</title>
<link>http://www.giniko.com/watch.php?id=34</link>
<thumbnail>http://www.giniko.com/logos/190x110/34.jpg</thumbnail>
</item>

<item>
<title>Fashion One (France)</title>
<link>http://www.giniko.com/watch.php?id=15</link>
<thumbnail>http://www.giniko.com/logos/190x110/15.jpeg</thumbnail>
</item>

<item>
<title>Vox Africa</title>
<link>http://www.giniko.com/watch.php?id=81</link>
<thumbnail>http://www.giniko.com/logos/190x110/81.jpeg</thumbnail>
</item>

<item>
<title>Russia Today</title>
<link>http://www.giniko.com/watch.php?id=24</link>
<thumbnail>http://www.giniko.com/logos/190x110/24.png</thumbnail>
</item>

<item>
<title>CCTV 9 Documentary</title>
<link>http://www.giniko.com/watch.php?id=161</link>
<thumbnail>http://www.giniko.com/logos/190x110/161.jpg</thumbnail>
</item>

<item>
<title>CTN</title>
<link>http://www.giniko.com/watch.php?id=123</link>
<thumbnail>http://www.giniko.com/logos/190x110/123.jpg</thumbnail>
</item>

<item>
<title>Daystar</title>
<link>http://www.giniko.com/watch.php?id=109</link>
<thumbnail>http://www.giniko.com/logos/190x110/109.jpg</thumbnail>
</item>

<item>
<title>GNC</title>
<link>http://www.giniko.com/watch.php?id=124</link>
<thumbnail>http://www.giniko.com/logos/190x110/124.jpg</thumbnail>
</item>

<item>
<title>QVC Over The Air</title>
<link>http://www.giniko.com/watch.php?id=202</link>
<thumbnail>http://www.giniko.com/logos/190x110/202.jpg</thumbnail>
</item>

<item>
<title>VTV 4</title>
<link>http://www.giniko.com/watch.php?id=108</link>
<thumbnail>http://www.giniko.com/logos/190x110/108.jpg</thumbnail>
</item>

<item>
<title>Net Viet</title>
<link>http://www.giniko.com/watch.php?id=197</link>
<thumbnail>http://www.giniko.com/logos/190x110/197.jpg</thumbnail>
</item>

</stream>