<?xml version="1.0" encoding="utf-8" standalone="yes"?>

<stream>

<!-------------- Religion ---------------->

<item>
<title>Religion - Viet Catholic News</title>
<link>https://www.youtube.com/user/VietCatholicNews</link>
<thumbnail>https://yt3.ggpht.com/-c65Ab-3X6dk/AAAAAAAAAAI/AAAAAAAAAAA/PT8rdJRT_Is/s100-c-k-no/photo.jpg</thumbnail>
</item>

<item>
<title>Religion - Tổng Giáo phận Sài Gòn</title>
<link>https://www.youtube.com/user/tonggiaophansaigon</link>
<thumbnail>https://yt3.ggpht.com/-XAIt6lUumS8/AAAAAAAAAAI/AAAAAAAAAAA/DqpwQeTQVuw/s900-c-k-no/photo.jpg</thumbnail>
</item>

<item>
<title>Religion - Giáo phận Mỹ Tho</title>
<link>https://www.youtube.com/user/giaophanmytho1</link>
<thumbnail>https://yt3.ggpht.com/-YLNL4eAJFOE/AAAAAAAAAAI/AAAAAAAAAAA/nX0qUtNj7Mo/s900-c-k-no/photo.jpg</thumbnail>
</item>

<item>
<title>Religion - Đa Minh Việt Nam (Dominican Province in Viet Nam)</title>
<link>https://www.youtube.com/channel/UCVxSILQUfiUt3s2rFbUmikw</link>
<thumbnail>https://yt3.ggpht.com/-sykmJMgYf_4/AAAAAAAAAAI/AAAAAAAAAAA/7uD0uONF_uQ/s900-c-k-no/photo.jpg</thumbnail>
</item>

<item>
<title>Religion - Mục Vụ Truyền Thông Giáo Xứ Phú Hoà</title>
<link>https://www.youtube.com/user/MVTTGxPhuHoa</link>
<thumbnail>https://yt3.ggpht.com/-9z3zkgQa0EA/AAAAAAAAAAI/AAAAAAAAAAA/lfLslolbTSo/s900-c-k-no/photo.jpg</thumbnail>
</item>

<item>
<title>Religion - TV Ánh Sáng Tin Mừng</title>
<link>https://www.youtube.com/user/tvastm</link>
<thumbnail>https://yt3.ggpht.com/-6N7S4lAtlcY/AAAAAAAAAAI/AAAAAAAAAAA/zfbxeyqB-BA/s100-c-k-no/photo.jpg</thumbnail>
</item>

<item>
<title>Religion - Đức Mẹ TV</title>
<link>https://www.youtube.com/user/chuacuuthe</link>
<thumbnail>https://yt3.ggpht.com/-PHyh2owsvVI/AAAAAAAAAAI/AAAAAAAAAAA/CSCG08ugYs8/s100-c-k-no/photo.jpg</thumbnail>
</item>

<item>
<title>Religion - Đức Mẹ Măng Đen</title>
<link>https://www.youtube.com/user/DucMeMangDen</link>
<thumbnail>https://yt3.ggpht.com/-zVjtwLFiLFc/AAAAAAAAAAI/AAAAAAAAAAA/ivaJVXBQci4/s100-c-k-no/photo.jpg</thumbnail>
</item>

<item>
<title>Religion - KINH MÂN CÔI online</title>
<link>https://www.youtube.com/user/kinhmancoionline</link>
<thumbnail>https://i.ytimg.com/i/IKlVgaDjb2KfSObJXz3QPw/mq1.jpg?v=535af988</thumbnail>
</item>

<item>
<title>Religion - Phim Công Giáo</title>
<link>https://www.youtube.com/user/PhimCongGiaoVN</link>
<thumbnail>https://yt3.ggpht.com/-59U49gjKfOM/AAAAAAAAAAI/AAAAAAAAAAA/34uZD3a1hGw/s100-c-k-no/photo.jpg</thumbnail>
</item>

<item>
<title>Religion - Phim Công Giáo 2</title>
<link>https://www.youtube.com/user/PhimCongGiao2</link>
<thumbnail>https://yt3.ggpht.com/-4UWkmlzv7fc/AAAAAAAAAAI/AAAAAAAAAAA/dh_vaADcv0c/s100-c-k-no/photo.jpg</thumbnail>
</item>

<item>
<title>Religion - Thánh Ca</title>
<link>https://www.youtube.com/user/ThanhCaHD</link>
<thumbnail>https://yt3.ggpht.com/-x-cwQlGRyXk/AAAAAAAAAAI/AAAAAAAAAAA/Q6vPxbClP_8/s100-c-k-no/photo.jpg</thumbnail>
</item>

<item>
<title>Religion - Thánh Ca Không Lời</title>
<link>https://www.youtube.com/user/Thanhcakhongloi</link>
<thumbnail>https://yt3.ggpht.com/-4eLIK5ngdW0/AAAAAAAAAAI/AAAAAAAAAAA/rHwIr6BSyWM/s100-c-k-no/photo.jpg</thumbnail>
</item>

<item>
<title>Religion - Tin Lành TiVi</title>
<link>https://www.youtube.com/user/tinlanhtv</link>
<thumbnail>https://yt3.ggpht.com/-4eLIK5ngdW0/AAAAAAAAAAI/AAAAAAAAAAA/rHwIr6BSyWM/s100-c-k-no/photo.jpg</thumbnail>
</item>

<item>
<title>Religion - Tin Lành Orange</title>
<link>https://www.youtube.com/channel/UCd8tHv1A1VsTL7WS9yQ3eGg</link>
<thumbnail>https://yt3.ggpht.com/-2ECGKlyOcXs/AAAAAAAAAAI/AAAAAAAAAAA/_B6GFtS_r_s/s88-c-k-no/photo.jpg</thumbnail>
</item>

<item>
<title>Religion - Giảng Luận Cơ Đốc</title>
<link>https://www.youtube.com/user/upnhacnee</link>
<thumbnail>https://yt3.ggpht.com/-9nRdIeow7aw/AAAAAAAAAAI/AAAAAAAAAAA/aMxu78kGd_E/s100-c-k-no/photo.jpg</thumbnail>
</item>

<item>
<title>Religion - Thư viện Cơ Đốc</title>
<link>https://www.youtube.com/user/cdnvn</link>
<thumbnail>https://yt3.ggpht.com/-DcrMxsBhbko/AAAAAAAAAAI/AAAAAAAAAAA/5JCZIV3gpY4/s100-c-k-no/photo.jpg</thumbnail>
</item>

<item>
<title>Religion - Thánh Nhạc</title>
<link>https://www.youtube.com/user/CDNVN00</link>
<thumbnail>https://yt3.ggpht.com/-aDi_OCOrMf8/AAAAAAAAAAI/AAAAAAAAAAA/tIrMBeN-tlk/s100-c-k-no/photo.jpg</thumbnail>
</item>

<item>
<title>Religion - Thư Viện Phật Giáo</title>
<link>https://www.youtube.com/user/thuvienphatgiao</link>
<thumbnail>https://yt3.ggpht.com/-SLo_z3GoP2E/AAAAAAAAAAI/AAAAAAAAAAA/GG1TE8Zq1is/s100-c-k-no/photo.jpg</thumbnail>
</item>

<item>
<title>Religion - Niệm Phật Thành Phật</title>
<link>https://www.youtube.com/user/NiemPhatThanhPhat</link>
<thumbnail>https://yt3.ggpht.com/-Oe6syKnrqxo/AAAAAAAAAAI/AAAAAAAAAAA/uaaoNivhY-o/s100-c-k-no/photo.jpg</thumbnail>
</item>

<item>
<title>Religion - Phật Âm Video</title>
<link>https://www.youtube.com/user/phatamvideo</link>
<thumbnail>https://yt3.ggpht.com/-KY58UjBUzaY/AAAAAAAAAAI/AAAAAAAAAAA/fyANa-_q8Ko/s100-c-k-no/photo.jpg</thumbnail>
</item>

<item>
<title>Religion - Quy Y Tam Bảo</title>
<link>https://www.youtube.com/user/TANGTRUNGTHANG</link>
<thumbnail>https://yt3.ggpht.com/-ynp0efOAlJE/AAAAAAAAAAI/AAAAAAAAAAA/ZtxAL8H82I4/s100-c-k-no/photo.jpg</thumbnail>
</item>

<item>
<title>Religion - Phật Pháp Tăng</title>
<link>https://www.youtube.com/channel/UCNE3UFyedJ_3_ZEiuZkioYw</link>
<thumbnail>https://yt3.ggpht.com/-i5WlZ8TnDBg/AAAAAAAAAAI/AAAAAAAAAAA/zAQrEvJoyko/s100-c-k-no/photo.jpg</thumbnail>
</item>

<item>
<title>Religion - NAM MÔ A DI ĐÀ PHẬT</title>
<link>https://www.youtube.com/user/nammoadidaphatnew</link>
<thumbnail>https://yt3.ggpht.com/-w8sj9zwWdMA/AAAAAAAAAAI/AAAAAAAAAAA/sUkb1Xo46c4/s100-c-k-no/photo.jpg</thumbnail>
</item>

<item>
<title>Religion - Phật Pháp Nhiệm Màu</title>
<link>https://www.youtube.com/channel/UCP9jSXwNXTEoql3cZSoI4Yw</link>
<thumbnail>https://yt3.ggpht.com/--C442Y2Ghhs/AAAAAAAAAAI/AAAAAAAAAAA/aztGD0jT3Lg/s100-c-k-no/photo.jpg</thumbnail>
</item>

<item>
<title>Religion - Linh Minh Trạm Tịch</title>
<link>https://www.youtube.com/user/nguynlinhtam</link>
<thumbnail>https://yt3.ggpht.com/-7WJnWWi8owk/AAAAAAAAAAI/AAAAAAAAAAA/YzO2d_DSPb0/s100-c-k-no/photo.jpg</thumbnail>
</item>

<item>
<title>Religion - Phật Giáo Hòa Hảo</title>
<link>https://www.youtube.com/user/nhatsonvan1981</link>
<thumbnail>https://yt3.ggpht.com/-3A0_rJhNi7c/AAAAAAAAAAI/AAAAAAAAAAA/Otscraje4Wc/s100-c-k-no/photo.jpg</thumbnail>
</item>

<item>
<title>Religion - PHẬT GIÁO HÒA HẢO (PGHH)</title>
<link>https://www.youtube.com/user/hoahao185</link>
<thumbnail>https://i.ytimg.com/i/lDgvlwsatUJX35e4L231ig/mq1.jpg?v=52082cba</thumbnail>
</item>

<item>
<title>Religion - PHẬT GIÁO HÒA HẢO - PGHH</title>
<link>https://www.youtube.com/user/nguoihoahao</link>
<thumbnail>https://i.ytimg.com/i/n2BiM8qvbIdlWkJeA7R4pw/mq1.jpg?v=52082e76</thumbnail>
</item>

<item>
<title>Religion - PHẬT GIÁO HÒA HẢO (PGHH)</title>
<link>https://www.youtube.com/user/giaolypghh</link>
<thumbnail>https://i.ytimg.com/i/TKSGwGxflSpi6_oIWY23lA/mq1.jpg?v=52082e09</thumbnail>
</item>

<item>
<title>Religion - TỦ SÁCH NÓI CAO ĐÀI</title>
<link>https://www.youtube.com/channel/UCtHYWzR7fBcqFMhgHw1nsNg</link>
<thumbnail>https://yt3.ggpht.com/-1gVhVh0GbFs/AAAAAAAAAAI/AAAAAAAAAAA/tFXC4AbiYDI/s100-c-k-no/photo.jpg</thumbnail>
</item>

<item>
<title>Religion - Cao Đài Ban Chỉnh Đạo</title>
<link>https://www.youtube.com/user/caodaibanchinhdaoorg</link>
<thumbnail>https://yt3.ggpht.com/-_v8eM_rmES0/AAAAAAAAAAI/AAAAAAAAAAA/eea3dRrhjjs/s100-c-k-no/photo.jpg</thumbnail>
</item>

<!------------ OverseaNews --------------->

<item>
<title>OverseaNews - SBTN USA</title>
<link>https://www.youtube.com/user/sbtnofficial</link>
<thumbnail>https://yt3.ggpht.com/-NavMi4il1D0/AAAAAAAAAAI/AAAAAAAAAAA/W6kcqJX-2ng/s900-c-k-no/photo.jpg</thumbnail>
</item>

<item>
<title>OverseaNews - SBTN Houston</title>
<link>https://www.youtube.com/user/sbtnhosuton</link>
<thumbnail>https://yt3.ggpht.com/-NavMi4il1D0/AAAAAAAAAAI/AAAAAAAAAAA/W6kcqJX-2ng/s900-c-k-no/photo.jpg</thumbnail>
</item>

<item>
<title>OverseaNews - SBTN Boston</title>
<link>https://www.youtube.com/user/newssbtnboston</link>
<thumbnail>https://yt3.ggpht.com/-NavMi4il1D0/AAAAAAAAAAI/AAAAAAAAAAA/W6kcqJX-2ng/s900-c-k-no/photo.jpg</thumbnail>
</item>

<item>
<title>OverseaNews - SBTN Canada</title>
<link>https://www.youtube.com/user/thoibaocanada</link>
<thumbnail>https://yt3.ggpht.com/-NavMi4il1D0/AAAAAAAAAAI/AAAAAAAAAAA/W6kcqJX-2ng/s900-c-k-no/photo.jpg</thumbnail>
</item>

<item>
<title>OverseaNews - SBTN Úc Châu</title>
<link>https://www.youtube.com/user/SBTNAUS</link>
<thumbnail>https://yt3.ggpht.com/-NavMi4il1D0/AAAAAAAAAAI/AAAAAAAAAAA/W6kcqJX-2ng/s900-c-k-no/photo.jpg</thumbnail>
</item>

<item>
<title>OverseaNews - SBTN Paris</title>
<link>https://www.youtube.com/user/paris2013sbtn</link>
<thumbnail>https://yt3.ggpht.com/-NavMi4il1D0/AAAAAAAAAAI/AAAAAAAAAAA/W6kcqJX-2ng/s900-c-k-no/photo.jpg</thumbnail>
</item>

<item>
<title>OverseaNews - Người Việt Online</title>
<link>https://www.youtube.com/user/NguoiVietOnline</link>
<thumbnail>https://yt3.ggpht.com/-0_ZjLGEkBPA/AAAAAAAAAAI/AAAAAAAAAAA/S8PzQJXlF70/s900-c-k-no/photo.jpg</thumbnail>
</item>

<item>
<title>OverseaNews - Phố Bolsa TV</title>
<link>https://www.youtube.com/user/PhoBolsaTV</link>
<thumbnail>https://yt3.ggpht.com/-0OqAtBg-6Xs/AAAAAAAAAAI/AAAAAAAAAAA/tKmYrSQwJkA/s900-c-k-no/photo.jpg</thumbnail>
</item>

<item>
<title>OverseaNews - officialVietFaceTV</title>
<link>https://www.youtube.com/user/officialVietFaceTV</link>
<thumbnail>https://yt3.ggpht.com/-kiw4Dr7e48A/AAAAAAAAAAI/AAAAAAAAAAA/_RCqVSmuv7g/s900-c-k-no/photo.jpg</thumbnail>
</item>

<item>
<title>OverseaNews - VA TV Online</title>
<link>https://www.youtube.com/user/VATVONLINE</link>
<thumbnail>https://yt3.ggpht.com/-JV0Q23z7_D4/AAAAAAAAAAI/AAAAAAAAAAA/PIKsyBSv2_I/s900-c-k-no/photo.jpg</thumbnail>
</item>

<item>
<title>OverseaNews - LSTVNETWORKS</title>
<link>https://www.youtube.com/user/LSTVNETWORK</link>
<thumbnail>https://yt3.ggpht.com/-83iMJNJZ-ng/AAAAAAAAAAI/AAAAAAAAAAA/bqxLBxg4Evs/s900-c-k-no/photo.jpg</thumbnail>
</item>

<item>
<title>OverseaNews - vietbaytv kaxt</title>
<link>https://www.youtube.com/user/vietbaytv</link>
<thumbnail>https://yt3.ggpht.com/-RCJfRhg1JE8/AAAAAAAAAAI/AAAAAAAAAAA/xNfm_K1AzdI/s900-c-k-no/photo.jpg</thumbnail>
</item>

<item>
<title>OverseaNews - VIETV</title>
<link>https://www.youtube.com/user/VIETVnetwork</link>
<thumbnail>https://yt3.ggpht.com/-muRXtJwaqiQ/AAAAAAAAAAI/AAAAAAAAAAA/MPCbudu_94k/s900-c-k-no/photo.jpg</thumbnail>
</item>

<item>
<title>OverseaNews - vietnewstelevision</title>
<link>https://www.youtube.com/user/vietnewstelevision</link>
<thumbnail>https://yt3.ggpht.com/-lPY5X-wJc9U/AAAAAAAAAAI/AAAAAAAAAAA/E6wINJTnYR4/s900-c-k-no/photo.jpg</thumbnail>
</item>

<item>
<title>OverseaNews - Viet Weekly Tube</title>
<link>https://www.youtube.com/user/vietweeklytube</link>
<thumbnail>https://i.ytimg.com/i/9Lg84hU2f7KLIb6aqj63Jg/mq1.jpg?v=51a409da</thumbnail>
</item>

<item>
<title>OverseaNews - TDBroadcasting</title>
<link>https://www.youtube.com/user/TDBroadcasting</link>
<thumbnail>https://yt3.ggpht.com/-2eQYcCkwhps/AAAAAAAAAAI/AAAAAAAAAAA/iZEpirxunPI/s900-c-k-no/photo.jpg</thumbnail>
</item>

<item>
<title>OverseaNews - VO MEDIA</title>
<link>https://www.youtube.com/user/mrVOMedia</link>
<thumbnail>https://yt3.ggpht.com/-p6nLlvGDdDQ/AAAAAAAAAAI/AAAAAAAAAAA/G5-1dN-q0F8/s900-c-k-no/photo.jpg</thumbnail>
</item>

<item>
<title>OverseaNews - THOIBAO MEDIA</title>
<link>https://www.youtube.com/user/thoibaocanada</link>
<thumbnail>https://yt3.ggpht.com/-JsbWaIAPPL0/AAAAAAAAAAI/AAAAAAAAAAA/LdkKLekyz-c/s900-c-k-no/photo.jpg</thumbnail>
</item>

<item>
<title>OverseaNews - NWVietnameseNews</title>
<link>https://www.youtube.com/user/NWVietnameseNews</link>
<thumbnail>https://yt3.ggpht.com/-PNlPuHoLP34/AAAAAAAAAAI/AAAAAAAAAAA/0AJzs3aeRjw/s900-c-k-no/photo.jpg</thumbnail>
</item>

<item>
<title>OverseaNews - Truyenhinhvietnam1</title>
<link>https://www.youtube.com/user/Truyenhinhvietnam1</link>
<thumbnail>https://yt3.ggpht.com/-JcJutLsj204/AAAAAAAAAAI/AAAAAAAAAAA/-U8mQZknB8o/s900-c-k-no/photo.jpg</thumbnail>
</item>

<item>
<title>OverseaNews - Que Huong Media</title>
<link>https://www.youtube.com/user/quehuongradio</link>
<thumbnail>https://yt3.ggpht.com/-Brru4xk_ptg/AAAAAAAAAAI/AAAAAAAAAAA/OWz6a-Rork4/s900-c-k-no/photo.jpg</thumbnail>
</item>

<item>
<title>OverseaNews - Thư Viện Toàn Cầu</title>
<link>http://www.dailymotion.com/rss/user/ThuVienToanCau/1</link>
<thumbnail>https://yt3.ggpht.com/-2eQYcCkwhps/AAAAAAAAAAI/AAAAAAAAAAA/iZEpirxunPI/s900-c-k-no/photo.jpg</thumbnail>
</item>

<item>
<title>OverseaNews - VTO</title>
<link>https://www.youtube.com/user/1734ize</link>
<thumbnail>https://yt3.ggpht.com/-2eQYcCkwhps/AAAAAAAAAAI/AAAAAAAAAAA/iZEpirxunPI/s900-c-k-no/photo.jpg</thumbnail>
</item>


<item>
<title>OverseaNews - VOA Tiếng Việt</title>
<link>https://www.youtube.com/user/VOATiengVietVideo</link>
<thumbnail>https://yt3.ggpht.com/-sfhK6n3he4I/AAAAAAAAAAI/AAAAAAAAAAA/pEpMYILQZEE/s900-c-k-no/photo.jpg</thumbnail>
</item>

<item>
<title>OverseaNews - BBC Tiếng Việt</title>
<link>https://www.youtube.com/user/BBCVietnamese</link>
<thumbnail>https://yt3.ggpht.com/-moLwkodQ9aQ/AAAAAAAAAAI/AAAAAAAAAAA/BmBryiEgvlU/s900-c-k-no/photo.jpg</thumbnail>
</item>

<item>
<title>OverseaNews - RFAVietnamese</title>
<link>https://www.youtube.com/user/RFAVietnamese</link>
<thumbnail>https://yt3.ggpht.com/-vw5BjKxTKu0/AAAAAAAAAAI/AAAAAAAAAAA/zRyNv3PR0EU/s900-c-k-no/photo.jpg</thumbnail>
</item>

<!------------- NewsInVN ----------------->

<item>
<title>NewsInVN - Truyền Hình Tuổi Trẻ</title>
<link>https://www.youtube.com/user/TruyenHinhTuoiTre</link>
<thumbnail>https://yt3.ggpht.com/-ewcOF-SJcUY/AAAAAAAAAAI/AAAAAAAAAAA/XWQVwrrGiOo/s900-c-k-no/photo.jpg</thumbnail>
</item>

<item>
<title>NewsInVN - VTV - Đài Truyền hình Việt Nam</title>
<link>https://www.youtube.com/user/VTVgo</link>
<thumbnail>https://yt3.ggpht.com/-KhR50S9e9bw/AAAAAAAAAAI/AAAAAAAAAAA/z2GNPhmuV3U/s900-c-k-no/photo.jpg</thumbnail>
</item>

<item>
<title>NewsInVN - KÊNH TRUYỀN HÌNH VTC14</title>
<link>https://www.youtube.com/user/KenhTruyenHinhVTC14</link>
<thumbnail>https://yt3.ggpht.com/-p8JiSZ4FE0E/AAAAAAAAAAI/AAAAAAAAAAA/NPDRHA2WS7o/s900-c-k-no/photo.jpg</thumbnail>
</item>

<item>
<title>NewsInVN - Minh Express</title>
<link>https://www.youtube.com/channel/UCfA4BYQdTPU9ItmQOauuFEQ</link>
<thumbnail>https://yt3.ggpht.com/-Y4KBUXGaQlg/AAAAAAAAAAI/AAAAAAAAAAA/niPF-OiMSCg/s900-c-k-no/photo.jpg</thumbnail>
</item>

<item>
<title>NewsInVN - Truyen Hinh Vinh Long</title>
<link>https://www.youtube.com/user/VinhLongTV</link>
<thumbnail>https://yt3.ggpht.com/-O51CipV6Omc/AAAAAAAAAAI/AAAAAAAAAAA/Kti3FeONmxQ/s900-c-k-no/photo.jpg</thumbnail>
</item>

<item>
<title>NewsInVN - LET'SVIET TV</title>
<link>https://www.youtube.com/user/letsvietvn</link>
<thumbnail>https://yt3.ggpht.com/-kCMMb9ul8eU/AAAAAAAAAAI/AAAAAAAAAAA/0QRsWgBeulA/s900-c-k-no/photo.jpg</thumbnail>
</item>

<item>
<title>NewsInVN - VTV4 on the Go</title>
<link>https://www.youtube.com/user/VTV4go</link>
<thumbnail>https://yt3.ggpht.com/-_q1G7mD0LPE/AAAAAAAAAAI/AAAAAAAAAAA/b3cYpsg3M5w/s900-c-k-no/photo.jpg</thumbnail>
</item>

<item>
<title>NewsInVN - VTV Life</title>
<link>https://www.youtube.com/user/VTVLife</link>
<thumbnail>https://yt3.ggpht.com/-SR29M71EKJ4/AAAAAAAAAAI/AAAAAAAAAAA/zvpNwwuqDLo/s900-c-k-no/photo.jpg</thumbnail>
</item>

<item>
<title>NewsInVN - POPSTVVIETNAM</title>
<link>https://www.youtube.com/user/POPSTVVIETNAM</link>
<thumbnail>https://yt3.ggpht.com/-NTHCWGqYP-A/AAAAAAAAAAI/AAAAAAAAAAA/-zAmAen4S10/s900-c-k-no/photo.jpg</thumbnail>
</item>

<item>
<title>NewsInVN - VTCTube</title>
<link>https://www.youtube.com/user/vtctv</link>
<thumbnail>https://yt3.ggpht.com/-kTqQb5aV8Cw/AAAAAAAAAAI/AAAAAAAAAAA/HXZRyGgsG1s/s900-c-k-no/photo.jpg</thumbnail>
</item>

<item>
<title>NewsInVN - Zing TV Official</title>
<link>https://www.youtube.com/user/ZingTVVN</link>
<thumbnail>https://yt3.ggpht.com/-y0Ti2txHXuE/AAAAAAAAAAI/AAAAAAAAAAA/7mfP99wI-EA/s900-c-k-no/photo.jpg</thumbnail>
</item>

<item>
<title>NewsInVN - FAP TV</title>
<link>https://www.youtube.com/user/FAPtivi</link>
<thumbnail>https://yt3.ggpht.com/-bR_nQqJQnWs/AAAAAAAAAAI/AAAAAAAAAAA/lKHB_DPfUeM/s900-c-k-no/photo.jpg</thumbnail>
</item>

<item>
<title>NewsInVN - Giải Trí TV</title>
<link>https://www.youtube.com/user/ChannelGiaiTriTV</link>
<thumbnail>https://yt3.ggpht.com/-Kz5eDzYSB1Q/AAAAAAAAAAI/AAAAAAAAAAA/CcOf7ir6R4c/s900-c-k-no/photo.jpg</thumbnail>
</item>

<item>
<title>NewsInVN - htv2channel</title>
<link>https://www.youtube.com/user/htv2channel</link>
<thumbnail>https://yt3.ggpht.com/-1sJaMJLa5hc/AAAAAAAAAAI/AAAAAAAAAAA/M5Ta4rdVUZU/s900-c-k-no/photo.jpg</thumbnail>
</item>

<item>
<title>NewsInVN - Yeah1 Family TV - VTC4</title>
<link>https://www.youtube.com/channel/UCo_QG56Ijk2iklFgpUOVKIA</link>
<thumbnail>https://yt3.ggpht.com/-IooRCjdI894/AAAAAAAAAAI/AAAAAAAAAAA/fnR1hDHW-Vg/s900-c-k-no/photo.jpg</thumbnail>
</item>

<item>
<title>NewsInVN - YAN News</title>
<link>https://www.youtube.com/user/YanNewsTube</link>
<thumbnail>https://yt3.ggpht.com/-O2NgRGyXJiw/AAAAAAAAAAI/AAAAAAAAAAA/nlB9Ag1CqWc/s900-c-k-no/photo.jpg</thumbnail>
</item>

<item>
<title>NewsInVN - YAN TV - Turns U on</title>
<link>https://www.youtube.com/user/YanTvTurnsUon</link>
<thumbnail>https://i.ytimg.com/i/4mHBltQPpoveq5__L89cmA/mq1.jpg?v=9b1fdb</thumbnail>
</item>

<item>
<title>NewsInVN - VIETNAM NEWS AGENCY</title>
<link>http://www.dailymotion.com/rss/user/TTXVN/1</link>
<thumbnail>http://s1.dmcdn.net/B5KxA/200x200-YO4.jpg</thumbnail>
</item>

<item>
<title>NewsInVN - Truyền Hình Tuổi Trẻ</title>
<link>http://www.dailymotion.com/rss/user/truyenhinhtuoitre/1</link>
<thumbnail>http://s1.dmcdn.net/AVM/200x200-iwk.png</thumbnail>
</item>

</stream>
