<?xml version="1.0" encoding="UTF-8" standalone="yes"?>
<addon id="repository.tvhaingoai" name="TVHaiNgoai repository" version="0.0.1" provider-name="anhstar">
	<extension point="xbmc.addon.repository" name="TVHaiNgoai Add-on Repository">
		<info compressed="false">http://github.com/anhstar/KodiRepo/raw/master/addons.xml</info>
		<checksum>https://raw.githubusercontent.com/anhstar/KodiRepo/master/addons.xml.md5</checksum>
		<datadir zip="true">http://github.com/anhstar/KodiRepo/raw/master/repo/</datadir>
	</extension>
	<extension point="xbmc.addon.metadata">
		<summary>Tutorial Addon</summary>
		<description>Addon Description</description>
		<disclaimer></disclaimer>
		<platform>all</platform>
	</extension>
</addon>