<?xml version="1.0" encoding="UTF-8" standalone="yes"?>
<addon id="plugin.video.tvhaingoai"
           name="TV Hải Ngoại"
           version="1.2.15"
           provider-name="anhstar">
  <requires>	
  </requires>
  <extension point="xbmc.python.pluginsource"
            library="default.py">
        <provides>video</provides>
  </extension>
  <extension point="xbmc.addon.metadata">
    <summary>TV and Radio</summary>
    <description>
        - Watch TV and listen to radio on the internet.
        - Add your own M3U, XML playlists.
        - 2 TV modes: Menu Selection or Direct Link.

        - Xem TV và nghe radio qua internet.
        - Có thể cho thêm M3U, XML playlists.
        - Có thể chọn TV với Menu Selection hoặc Direct Link.
    </description>
    <disclaimer lang="en">
        [COLOR lime]The streaming media are found via website(s).
        [COLOR red]These streams do not represent my views or opinions in any way.[/COLOR]
    </disclaimer>
    <platform>all</platform>
        <license>http://www.gnu.org/licenses/</license>
        <forum></forum>
        <website></website>
        <email></email>
        <source></source>  
  </extension>
</addon>